username,tweet
alitapuspa_,wah terima kasih bersih
alitapuspa_,ini betul
alitapuspa_,sabar kapten tawa
alitapuspa_,seperti bukan saja goa di rumah ikut tawa
alitapuspa_,wah sama dokter
alitapuspa_,kalau gin ibu harusnya kemarin langsung ajak langsung bareng saja tidak usah dividcal tawa
alitapuspa_,goa lihat umum langsung youtube tadi
alitapuspa_,siap siap besok mpries
alitapuspa_,wah ayo kapten bawa tim t sirkus malaysia
alitapuspa_,anda keren catat pilih anda mereka lihat lebih diri anda semangat anda bisa jadi teladan baik juga bawa tim t jadi lebih baik semangat celine
alitapuspa_,kata siapa ada kapten hari
alitapuspa_,saya
alitapuspa_,kira sengaja mbok nyata tawa
alitapuspa_,loh kalian beda rumah
alitapuspa_,wah umum tidak sekali hari tidak ulang tahun alias sudah tidak penuh syarat
alitapuspa_,tadi saya tunguin langsung obrol nya kahitna kenapa tidak nongol bang
alitapuspa_,lamar ini
alitapuspa_,sudah mau buka gen saudara wanita tawa
alitapuspa_,saya besok ci
alitapuspa_,saudara wanita lah arti ibu gm ngesave kontak goa tawa
alitapuspa_,adam apa kabar bim sudah ultang tahun pertama sih
alitapuspa_,mantap sisca
alitapuspa_,haha iya ini makanya kalau tugas tidak pernah mau ambil isu baru
alitapuspa_,keren sekali hai selamat semangat
alitapuspa_,tangis keren sekali ex gen ci haru euy
alitapuspa_,dapat salam kunto aji ini
alitapuspa_,wah panutan sekali erikacang
alitapuspa_,woylah tawa
alitapuspa_,sama goa ngira sisca
alitapuspa_,baca baca grup besar ini pasti
alitapuspa_,kira tadi anda saudara wanita telepon tawa
alitapuspa_,cuma satu sekali ini catat
alitapuspa_,selamat dek iroy
alitapuspa_,kfc heyheyhey bukan
alitapuspa_,bagi foro dong dique
alitapuspa_,ungu ketupat
alitapuspa_,wah inspirasi buat saya ini jes alias akhir akhir mimpi aneh aneh seru kalau tulis
alitapuspa_,giveaway waspada hampir nyx satu brand tutorial cahaya thai inspirasi dandan look ki via
alitapuspa_,kahitna sekali ini anak alias ayo lah tonton konser bareng
alitapuspa_,terima kasih wocmen ini saya cari alias malas tambah lihat prang orang seperti
alitapuspa_,sakura cemil sama
alitapuspa_,gresik hadir tahu tidak mana tawa
alitapuspa_,tangis sama tet soal biasa giat jadi lapar sekarang kan cuma golar goler kasur jadi cemil hari sekali ada kenyang
alitapuspa_,buat tidak ikutin bilang ibu kepsek video alias tidak ternak uler tawa
alitapuspa_,saya sekali saudara beby seperti sesak tidak bisa dikeluarin akhir paksa dengar lagu tonton film baca novel agar nang
alitapuspa_,haduh tidak sangka anda suka saya masih cinta anda nya itu overtunes
alitapuspa_,shandi indira siapa
alitapuspa_,mantap haduh tahu saja anda nubguin
alitapuspa_,sejak haruka seperti dari kecil suka cinderela turut goa sih punya ve sama mahyon paling bagus punya zara goa suka sih
alitapuspa_,baik goa buat sebentar saudara wanita
alitapuspa_,ayo pengirim
alitapuspa_,ayo pengirim
alitapuspa_,kirim dong ci jess sebentar saya buat tawa
alitapuspa_,selamat buka puasa sesi
alitapuspa_,sonya iya ampun oshi pertama goa
alitapuspa_,kenapa tidak ada rapunzel
alitapuspa_,ih kue tok
alitapuspa_,ampun tidak semangat celine
alitapuspa_,makanya harap sama tuhan saja tidak harap sama manusia
alitapuspa_,kira benar mau daftar ini lupa umur sudah tidak penuh
alitapuspa_,tidak bentuk alias nama goa dobel sebuah depan
alitapuspa_,l puspit
alitapuspa_,buat penuh versi dong bang favorit lagu saya ini
alitapuspa_,sonya naomi milen celine chintya gen atas sudah gaterlalu merhatin sih tawa
alitapuspa_,giveaway waspada april favorites kiara leswara via
alitapuspa_,kalau di jalan pakai masker ci sebentar ditangkep polisi loh
alitapuspa_,padahal ibu semua gadis diclose friends balada gadis kerudung ken ngestory gapake kerudung
alitapuspa_,hakuna matata kali saudara wanita tawa
alitapuspa_,tidak soal tidak ada muka jadi bisa ngebayangin muka orang bodoh sesuai ingat masing masing
alitapuspa_,buat cahaya atas tantang dong
alitapuspa_,suara euy twetnya
alitapuspa_,baik ini si iroy
alitapuspa_,lah si indy jadi ada mau tes toefl
alitapuspa_,wah ayah tidak di situ
alitapuspa_,ini la kapan kapan ajak colab
alitapuspa_,cantik sekali mahyon
alitapuspa_,haibara sama amuro saja lah
alitapuspa_,laen takut pakai zoom saya sih lebih takut pakai skype
alitapuspa_,sumpah jadi takut video konferensi habis lihat
alitapuspa_,tidak begitu konsep bang tawa
alitapuspa_,tidak satu cara harfiah tidak satu saya diri tidak diam diri ke masa depan cinta kan terus lanjut tetiba ngiang lagu kaze whatsapp futeiru
alitapuspa_,tunggu milen sama andela
alitapuspa_,saya saya saya saya kira lama saya sendiri nyata temenya
alitapuspa_,cantik sekali sih ci celine
alitapuspa_,cantik sekali saudara wanita
alitapuspa_,lah harusnya ibu jadi anggota transfer akb
alitapuspa_,saya dulu gin terus sekarang jadi bias
alitapuspa_,berat
alitapuspa_,iya chel buat sama ex membre
alitapuspa_,kalau kata percaya gelap lewat terang kan datang
alitapuspa_,telur ungu dong
alitapuspa_,istirahat in cinta bang
alitapuspa_,kerjain tugas goa dingin
alitapuspa_,apa itu si kyla
alitapuspa_,tidak usah ejek saya deh
alitapuspa_,cantik sekali anda tet
alitapuspa_,mati diaduin ibu tawa
alitapuspa_,hai canda ngagetin saja sendiri
alitapuspa_,yang admin maksud poso
alitapuspa_,hamtaro
alitapuspa_,cocok tidak sih jadi maskot jerome polin polin si polin
alitapuspa_,made in cina
alitapuspa_,jika anda lihat ini anda harus kutip ini dengan milik anda milik sendiri pict milik anda wallpaper milik anda lockscren akhir musik anda dengar akhir gambar anda saved
alitapuspa_,woylah
alitapuspa_,hujan deras
alitapuspa_,kafe tuan krab
alitapuspa_,mandi dekil sekali
alitapuspa_,tawa dong
alitapuspa_,saya tidak streaming kemarin
alitapuspa_,sering ini seperti gin
alitapuspa_,mengapa saya lihat halusinasi
alitapuspa_,bare cats
alitapuspa_,cuci milik anda tangan sebagai pikir milik anda hanya gemetar tangan dengan sebuah kecil sore dan sebuah banyak sore
alitapuspa_,terima kasih info kawan semua
alitapuspa_,terima kasih info
alitapuspa_,terima kasih info
alitapuspa_,terima kasih info
alitapuspa_,terima kasih info
alitapuspa_,terima kasih info
alitapuspa_,terima kasih info
alitapuspa_,terima kasih info
alitapuspa_,mau minta info dong tes deteksi corona apa ditangung bpjs
alitapuspa_,sayang allah sayang allah
alitapuspa_,woylah masuk muntah dong
alitapuspa_,sudah goa aminin amin paling serius
alitapuspa_,hua ken coba gin
alitapuspa_,hai lah tawa
alitapuspa_,yoklah
alitapuspa_,buat dong cak
alitapuspa_,ampun sampai masuk muntah dong
alitapuspa_,mantap sekali saudara laki djay
alitapuspa_,kelimat pertama saya
alitapuspa_,suatu nila tunggu untuk
alitapuspa_,bagus mantap visinema
alitapuspa_,haha maaf saudara laki tidak lihat foto profil
alitapuspa_,shopee lazada online belanja saja lah jaman sekarang tawa
alitapuspa_,hormat bapak semoga orderanya lancar terus bapak
alitapuspa_,ampun
alitapuspa_,hai lah tawa
alitapuspa_,jadi far tidak semoga akan
alitapuspa_,istirahat in cinta bang ashraf
alitapuspa_,kejut jadi soulmate ini sekarang capr
alitapuspa_,atau daku kasih
alitapuspa_,dokter apa kalau tanjung pengaruh pita suara ya seringkali tanjung suara saya bisa serak kadang hilang
alitapuspa_,masak bareng bisa kali sep
alitapuspa_,wah iya benar ini
alitapuspa_,amoun celine
alitapuspa_,haha mantul tidak gin
alitapuspa_,ampun gempiku
alitapuspa_,nyata utama jaman sampai dengan goa sama shanju sama tawa
alitapuspa_,iya kenapa selalu begini
alitapuspa_,kasih andai angan suara
alitapuspa_,mantap lah alias ketinggalan sambung lirik
alitapuspa_,konser ki
alitapuspa_,serah
alitapuspa_,bagus sekali baik haris tonton
alitapuspa_,mangat cides
alitapuspa_,serius sudah habis sudah lama ini gabuka webton
alitapuspa_,kasi saudara laki saipul
alitapuspa_,mau dong
alitapuspa_,mau
alitapuspa_,haha sama saya tidak bisa goreng baru seminggu lalu ajar
alitapuspa_,mungkin bukan gratis karena memberi ci shani
alitapuspa_,hua cantik stefi jadi ken warnain rambut
alitapuspa_,iya dong
alitapuspa_,baik sih
alitapuspa_,badarawuhi
alitapuspa_,saya anda cinta
alitapuspa_,mm bagaimana bagaimana
alitapuspa_,pernah sekali
alitapuspa_,anda jenis dari racun hubung
alitapuspa_,wah kacau ini tim koneng
alitapuspa_,mantap kelelawar poster
alitapuspa_,lil dendeng ragi
alitapuspa_,mau ikut
alitapuspa_,titip salam buat mario yak
alitapuspa_,kejut tonton kahitna
alitapuspa_,iya ampun peci tekstur dong alis ada lihat alis goa habis gambar alias mantap sekali animatornya
alitapuspa_,mantap pepet terps
alitapuspa_,kenapa sudah besar sih ingat goa dulu masih piyik eh lupa kalau goa sudah mau tahun
alitapuspa_,wah lagu favorit juga sesuai sama cerita juga mantap
alitapuspa_,ampun kira marmut
alitapuspa_,saya pantas sebuah tanggal dengan maaf istri dokter gia pinjam suami bentar
alitapuspa_,harap semoga bisa kuat saudara wanita
alitapuspa_,mantap tety tiru ini
alitapuspa_,yah nama usaha
alitapuspa_,mantap
alitapuspa_,cantik sekali dique
alitapuspa_,mm tidak begitu konsep fi
alitapuspa_,seperti kalau pindah tim jeket kali
alitapuspa_,jadi harap kan goa
alitapuspa_,lah iya si viny
